<?xml version="1.0" encoding="UTF-8"?>
<beans xmlns="http://www.springframework.org/schema/beans" xmlns:xsi="http://www.w3.org/2001/XMLSchema-instance" xmlns:aop="http://www.springframework.org/schema/aop" xmlns:c="http://www.springframework.org/schema/c" xmlns:cache="http://www.springframework.org/schema/cache" xmlns:context="http://www.springframework.org/schema/context" xmlns:jdbc="http://www.springframework.org/schema/jdbc" xmlns:jee="http://www.springframework.org/schema/jee" xmlns:lang="http://www.springframework.org/schema/lang" xmlns:mvc="http://www.springframework.org/schema/mvc" xmlns:p="http://www.springframework.org/schema/p" xmlns:task="http://www.springframework.org/schema/task" xmlns:tx="http://www.springframework.org/schema/tx" xmlns:util="http://www.springframework.org/schema/util"
	xsi:schemaLocation="http://www.springframework.org/schema/beans http://www.springframework.org/schema/beans/spring-beans.xsd
		http://www.springframework.org/schema/aop http://www.springframework.org/schema/aop/spring-aop.xsd
		http://www.springframework.org/schema/cache http://www.springframework.org/schema/cache/spring-cache.xsd
		http://www.springframework.org/schema/context http://www.springframework.org/schema/context/spring-context.xsd
		http://www.springframework.org/schema/jdbc http://www.springframework.org/schema/jdbc/spring-jdbc.xsd
		http://www.springframework.org/schema/jee http://www.springframework.org/schema/jee/spring-jee.xsd
		http://www.springframework.org/schema/lang http://www.springframework.org/schema/lang/spring-lang.xsd
		http://www.springframework.org/schema/mvc http://www.springframework.org/schema/mvc/spring-mvc.xsd
		http://www.springframework.org/schema/task http://www.springframework.org/schema/task/spring-task.xsd
		http://www.springframework.org/schema/tx http://www.springframework.org/schema/tx/spring-tx.xsd
		http://www.springframework.org/schema/util http://www.springframework.org/schema/util/spring-util.xsd">

	<!-- spring 启动时扫描包 -->
   <context:component-scan base-package="cn.sibat.warn">
   </context:component-scan>
   <aop:aspectj-autoproxy proxy-target-class="true"/>
   <context:annotation-config/>  
   <mvc:annotation-driven/>
<!--    <bean name="/user/info" class="cn.xbus.api.MyFirstApi"/>  -->
   <!-- 开启注解 -->
	<bean class="org.springframework.web.servlet.mvc.annotation.AnnotationMethodHandlerAdapter" />
	<bean class="org.springframework.web.servlet.mvc.annotation.DefaultAnnotationHandlerMapping"></bean>

<!-- 	<bean id="multipartResolver" -->
<!--           class="org.springframework.web.multipart.commons.CommonsMultipartResolver">        -->
<!--     </bean> -->

	<bean id="springDSN"
        class="org.springframework.jdbc.datasource.DriverManagerDataSource">
        <property name="driverClassName"
            value="com.mysql.jdbc.Driver">
        </property>
        <property name="url"
            value="jdbc:mysql://localhost:3306/prewarning">
        </property>
        <property name="username" value="root"></property>
        <property name="password" value="1234"></property>
    </bean>

    <bean id="jdbcTemplate"
        class="org.springframework.jdbc.core.JdbcTemplate" abstract="false"
        lazy-init="false" autowire="default" >
        <property name="dataSource">
            <ref bean="springDSN" />
        </property>
    </bean>
    
    
    
   
        <bean id="quartzJob" class="cn.sibat.warn.overtimecheck.DelayCheck"></bean>
        <bean id="jobtask" class="org.springframework.scheduling.quartz.MethodInvokingJobDetailFactoryBean">
            <property name="targetObject">
                <ref bean="quartzJob"/>
            </property>
            <property name="targetMethod">
                <value>work</value>
            </property>
    </bean>
    
    
    
    <bean id="doTime" class="org.springframework.scheduling.quartz.CronTriggerFactoryBean">
            <property name="jobDetail">
                <ref bean="jobtask"/>
            </property>
            <!-- cron表达式 -->
            <property name="cronExpression">
                <value>0 0 */1 * * ?</value>
            </property>
        </bean>
        <!-- 总管理类 如果将lazy-init='false'那么容器启动就会执行调度程序  -->
        <bean id="startQuertz" name="startQuertz" lazy-init="false"  class="org.springframework.scheduling.quartz.SchedulerFactoryBean" destroy-method="destroy">
            <property name="triggers">
                <list>
                    <ref bean="doTime"/>
                </list>
            </property>
           <property name="quartzProperties" value="classpath*:quartz.properties" /> 
        </bean>
    
    
    
    
    
    
    
    
    

</beans>